trace,determinant,max eigenvalue,iterations,min eigenvalue,iterations
-1.7292023647638834,0.148589882411,-1.6385164465,5,-11.0271077689,6
0.6471908896687255,-0.783860486251,1.26624708533,18,-1.61539977278,16
-0.4739636798267606,-1.64703472125,-1.54203090386,23,0.936240611804,41
-0.09367253560308608,-2.22834727176,does not converge,,does not converge,
-1.6513963164336638,2.59484010165,does not converge,,does not converge,
-1.5718835796543384,0.769771506053,does not converge,,does not converge,
-2.8554435724009064,3.60076760339,does not converge,,does not converge,
0.15894934741881794,-0.774723922292,0.963260697883,54,-1.24331106854,73
3.050817249382832,2.63145945125,does not converge,,does not converge,
1.255565339255818,0.5186295026,does not converge,,does not converge,
2.683270979024757,1.03410194087,2.21678770513,7,2.14368989809,9
-2.1090467005391376,0.318420191488,-1.94536656274,6,-6.10942903881,6
0.9995080278000779,2.16709243709,does not converge,,does not converge,
0.22411719989160206,-1.4968627795,1.34062098574,68,-0.895656668686,57
0.20501736017714567,-3.55165093786,1.98985446249,97,does not converge,
-0.5588638023240122,-1.99114462081,-1.71789855751,37,0.86275996185,23
-0.4757283537200969,0.635180262292,does not converge,,does not converge,
-0.6477362974661265,-2.74935201165,-2.0133030952,39,0.732302361355,22
0.38449426055746416,-0.460312986581,0.89740554339,20,-1.94957522489,22
0.27668046885980146,-3.74803584545,2.07924017997,80,-0.554737233932,80
1.4184288025903729,-0.69618315181,1.80428380701,9,-2.59166700229,8
1.8822282244480983,1.6447435537,does not converge,,does not converge,
0.9208789550120344,-2.76223829524,2.18502506095,22,-0.791028258136,22
-3.293830293138391,2.70892401866,-1.70594674798,70,-0.630157339228,62
2.6113410790531435,-0.438480246052,2.76965743945,5,-6.31649098384,6
-2.632229900702804,2.95420552656,does not converge,,does not converge,
-1.6866449583885705,-0.377825071389,-1.88688392483,5,4.99406223161,8
2.514535188426203,1.17673636154,1.89288816737,12,1.6085860431,8
-0.9477602252755193,-2.16836700257,-2.02077299905,21,0.931931387655,17
3.2685332187072302,2.46355756368,2.08959875233,15,0.848237381495,17
-2.108175408491955,0.277233117163,-1.96725223614,4,-7.09602174661,7
0.18444259022516185,-0.184054150128,0.531052323543,25,-2.88520248273,30
-0.714323346659544,-0.201212322693,-0.930558651024,12,4.62473206674,6
0.19100856636669983,-1.46970872227,1.31159579139,86,-0.892426248418,60
-2.1967318626506644,0.586002273081,-1.88602906283,6,-3.21846805701,8
0.8555601886696977,-4.03693519601,2.48201376755,35,-0.614813170261,21
-1.6283240427697936,2.27948010654,does not converge,,does not converge,
-2.241343546322405,-1.15799254495,-2.67434228746,9,2.30947201071,6
-0.9374064879229969,-1.92814933827,-1.93423945047,23,1.00314901477,13
2.9537624069642323,3.81537880993,does not converge,,does not converge,
0.2394621341358838,-0.645774773943,0.932221773518,34,-1.44356054093,44
-2.045841604926957,-1.53190025202,-2.62861648871,11,1.71591635671,7
3.699919795055319,0.562272841396,3.54113676608,4,6.29789759907,7
-0.8076169578307009,-1.55929539426,-1.7161835564,12,1.1006086356,26
1.0180076101965785,-2.2965391111,2.10764498298,16,-0.917732282806,21
1.9449908593008112,1.14403916449,does not converge,,does not converge,
-1.75223916470532,-2.53155251633,-2.69248173666,13,1.0635718678,11
-2.5253954250755424,0.624163937137,-2.24770227263,7,-3.60114453954,6
0.9419083306972378,0.123186650994,0.784972934612,6,6.37226392475,10
2.58295166383841,3.9635615848,does not converge,,does not converge,
0.17515507179050704,-2.04700815441,does not converge,,-0.743052973596,80
0.31380013078227,-5.9039094241,does not converge,,-0.438967045597,67
0.9755815726450598,-0.255661937971,1.19036620483,6,-4.65598020473,9
-0.28010753052682213,-4.4033654991,does not converge,,0.509394248245,69
-1.699992678879204,2.03057136359,does not converge,,does not converge,
0.830767513051669,-1.3072824736,1.63185067479,19,-1.2482778356,15
1.7941704134944843,3.56616230671,does not converge,,does not converge,
-0.30163484766107773,-2.00839551376,-1.57597870111,66,0.784683243141,42
1.5398440587083724,-0.0567549688265,1.57586041056,4,-27.7660148253,5
-1.2320278028738287,1.17506101393,does not converge,,does not converge,
-1.3740725184602476,-1.25590000354,-2.00155129478,9,1.59371316533,13
-1.6638160908260904,0.55894426284,-1.19678772416,11,-2.14115848197,12
-0.3607932669481291,-0.296082085012,-0.753645869044,20,2.54544223779,17
0.14889674701123212,-1.65351773195,does not converge,,-0.824019552233,73
0.13310098030914252,-0.409839394031,0.710165112211,55,-1.73282080346,55
-0.6693227112002851,-0.10131210761,-0.796514463782,6,7.86201295206,9
2.744796271403253,1.77711438115,1.69858073114,14,0.955857921867,23
0.91795798953784,-0.964350039879,1.54295213593,15,-1.59999072577,13
-0.8839413198080552,-2.61061848478,-2.11708514978,26,0.810958635517,18
2.6304121262884523,0.905970049285,2.22284983158,6,2.45354831885,9
0.503595004052948,-1.27615375474,1.40920467638,29,-1.10422914759,24
0.8472650637875878,0.386804168964,does not converge,,does not converge,
-0.7419996413194969,0.247537947931,does not converge,,does not converge,
3.596277438952038,3.28838382431,does not converge,,does not converge,
0.3629636457290668,3.29861649866,does not converge,,does not converge,
-1.750369956834879,-1.11953718979,-2.24832096816,11,2.008245609,6
1.1621119255977228,0.413698021144,does not converge,,does not converge,
0.48817797248453676,-1.6320860332,1.54471404046,39,-0.946459478996,23
-0.18262690029498607,-1.01395800821,-1.10242054228,65,1.087204405,62
1.7450017756782965,0.430282703392,1.44779492746,9,3.36477378938,7
2.680457944671022,2.581323836,does not converge,,does not converge,
1.1041240097402056,-0.191745317837,1.256704448,6,-6.55401824459,8
0.8020048456223421,0.344727669896,does not converge,,does not converge,
0.014073778427170502,-1.47296539997,does not converge,,does not converge,
3.2881254031434204,1.5348747887,2.72483159129,7,1.77526897204,9
-2.518010959620197,2.74414737811,does not converge,,does not converge,
0.47344258315425947,-1.16112681163,1.33995375261,24,-1.15401470081,30
-1.6546280990886713,-0.558591607235,-1.94222901401,5,3.47701606281,10
1.1683891318169635,0.469516603113,does not converge,,does not converge,
-0.08273062723241775,-0.0423168057885,-0.251175207745,31,5.93600416442,27
-2.2313093984283854,-0.500482182379,-2.4367020333,8,4.8687069176,4
0.26319998745634665,-1.31314179911,1.2850763118,30,-0.97863365524,70
-2.1357230896862034,0.250713797976,-2.01105495274,5,-8.02131678343,6
0.8196128775455742,-0.46534389176,1.20560812152,9,-2.59077673967,13
2.0949331543948717,1.93913586695,does not converge,,does not converge,
2.82818224365765,3.00415963004,does not converge,,does not converge,
1.6512179642014524,-0.315851882503,1.82435027285,7,-5.77596377819,6
-1.9226077921412132,4.01289138416,does not converge,,does not converge,
1.6351813300269327,1.08603521622,does not converge,,does not converge,
2.312161890050009,1.15407625609,1.58325386073,11,1.37188117789,15
2.006917715637435,-2.01940688819,2.74309277647,13,-1.35835950685,7
1.7923054840970032,-1.38756502013,2.3762357359,10,-1.71252969131,9
-1.3201354536202854,0.152397792125,-1.19231988591,6,-7.82373263599,7
2.6685769196463123,1.09792725526,2.16035230418,9,1.96766867784,8
-2.154107299612366,0.0340328974511,-2.13819067863,4,-62.8271695834,4
-1.1479823866149093,-2.13036778748,-2.14238973116,17,1.00564484422,15
-3.0875206965224584,-0.669106764989,-3.29084508169,5,4.9182636692,6
-1.1568484320736112,-0.365937324775,-1.41538429564,6,3.86784639781,10
-0.13250921170334395,-1.00968284208,-1.07324431248,70,does not converge,
2.7562980509321653,3.93917453164,does not converge,,does not converge,
-0.5551454370853883,0.177752438967,does not converge,,does not converge,
0.7757848736899624,-1.08832927154,1.5008891942,12,-1.37910150508,21
-1.7157064530111903,-0.318439873158,-1.88467010147,5,5.91844676966,8
-2.223991739242555,0.977165818767,-1.62126767145,12,-1.65915177794,11
-1.4545297379517033,1.72953202545,does not converge,,does not converge,
1.1185243850989197,0.506576435093,does not converge,,does not converge,
-0.7289300316626393,1.04944813763,does not converge,,does not converge,
3.1340707352130637,2.00471642333,2.23852729321,9,1.1166427004,15
0.13181767575672243,-4.62113120946,does not converge,,does not converge,
1.1036806147832388,-1.91374764115,2.04123760578,14,-1.06662022599,18
0.6914319456906859,-0.704231403599,1.25333447513,17,-1.77971838421,13
-0.9865581795774094,-1.95979214943,-1.97758353626,12,1.00906105019,23
-1.989169730869091,0.2654627991,-1.84530911362,5,-6.95129812479,6
-2.757679985250952,1.3464091147,-2.12366831614,9,-1.57728157606,10
-0.8216548455629633,0.847906143425,does not converge,,does not converge,
0.9558249007568604,-1.37693633738,1.74493954769,15,-1.26724466224,16
-2.0805864003207644,1.44966844508,does not converge,,does not converge,
-2.173543646249851,3.69266398633,does not converge,,does not converge,
1.0351645645962275,0.443917918515,does not converge,,does not converge,
-0.8093930171024155,-0.343724113998,-1.11708347303,8,3.24995234519,12
-1.2226529371637609,0.561078348331,does not converge,,does not converge,
2.9429754094217193,3.12311123312,does not converge,,does not converge,
-0.9237835359757676,-1.07920371858,-1.59878397288,12,1.48146382108,17
-0.5279564347791115,0.20838426722,does not converge,,does not converge,
1.472172601805383,-0.0762349924842,1.5222528772,4,-19.9679029769,6
-2.6808678532657813,3.31794058127,does not converge,,does not converge,
-0.5979922299018754,-0.526123342159,-1.08354119153,19,2.05950506235,12
2.016489581007144,-0.114667827884,2.07183528653,5,-18.0681515513,4
-0.23518268742076476,1.09560686469,does not converge,,does not converge,
0.616836798303495,-1.90903259136,1.72408531206,32,-0.90314591428,21
-1.8413328685887205,1.06143716659,does not converge,,does not converge,
2.8019334865488212,0.574993289584,2.57898044912,7,4.48523667654,5
-1.7749993766653538,-0.656040511635,-2.08903255911,9,3.18430944567,5
0.02821490693163753,1.12371651767,does not converge,,does not converge,
-2.7492215057314207,1.89782960451,does not converge,,does not converge,
-0.011696280845787665,-1.55190348681,does not converge,,does not converge,
1.8789483932294067,0.930242184445,does not converge,,does not converge,
0.7146372854935823,-2.26798026371,1.90509469237,24,-0.839985265084,26
1.6070278856499822,-1.9081492633,2.40157684027,14,-1.25857890381,9
-3.4419593960820065,1.54027455111,-2.91324085448,6,-1.89137355964,9
2.8761403274648876,2.17617314598,does not converge,,does not converge,
-2.612367058572239,1.65881742645,-1.52356471033,31,-0.918412204525,17
-0.1821703190753392,3.26625791198,does not converge,,does not converge,
0.46713847514571194,-4.47705331255,2.3623061961,54,-0.527629915689,50
-1.8373033166293387,-0.223935090177,-1.9520224978,6,8.71691525093,5
-1.6192302539429555,-0.0170757676233,-1.62970805896,4,95.4398124054,4
2.90119649414479,0.960821617046,2.51991016225,4,2.62265719018,10
0.51259612009077,-0.477079965602,0.993015943092,12,-2.08145916844,22
3.429352327288758,2.53679457201,2.34979121671,12,0.926293667591,14
-0.20120235327180547,-1.90408832055,-1.48417088764,74,0.779431608362,83
0.8094960819911869,1.94460645711,does not converge,,does not converge,
-0.6185625274662367,-1.73307443803,-1.66156725556,28,0.958733767636,22
-3.407341649382764,-0.3747760884,-3.51399403537,6,9.37624912422,4
-1.0043966474819395,0.957992887152,does not converge,,does not converge,
-2.424387236110006,0.800159227665,-2.03026851166,7,-2.53733350993,9
0.01177162633826434,-1.98905906254,does not converge,,does not converge,
-1.3170918402220453,1.08318198126,does not converge,,does not converge,
0.9504539353883974,-1.73865871134,1.87684206551,13,-1.07946255125,22
0.0359320329664512,-1.01884510482,does not converge,,does not converge,
0.19781021348498262,-0.882184422063,1.04336577927,67,-1.18266176986,42
1.3984011048303007,0.123684805227,1.30351346991,6,10.5390094268,5
-0.13831182032938516,1.40204755535,does not converge,,does not converge,
-1.193258486958058,-1.4293562656,-1.93280137227,10,1.35221507041,16
2.714643706353464,1.36676509056,2.04690951309,12,1.49763126704,8
2.5194161649673306,-1.28507031159,2.95438770867,7,-2.29900527923,8
1.6985968692260167,3.45392455582,does not converge,,does not converge,
-0.6699290372632611,-0.361038230338,-1.02288172119,12,2.83317997927,12
-0.7327958781142514,0.650115046702,does not converge,,does not converge,
0.3496038386048754,1.7034978964,does not converge,,does not converge,
-2.271751062239527,0.742723328905,-1.87580455217,11,-2.52557467462,6
1.8891281524765944,0.175358519043,1.79122997588,5,10.2146729862,6
-0.9298925349000116,-0.258130001699,-1.15363999021,7,4.46923093661,9
-3.173098824771433,1.45217605452,-2.61853263691,6,-1.80317345192,10
-1.577311782553057,-0.0273371960336,-1.59445671715,3,58.3255475031,5
-1.5348628414502312,1.14515088986,does not converge,,does not converge,
-2.461545165910188,3.11331443652,does not converge,,does not converge,
-1.3513017000580954,1.84888860706,does not converge,,does not converge,
-2.243140757696044,0.204491069869,-2.14793713448,6,-10.5038193663,5
0.2023053830409105,-1.18814311527,1.19587536193,40,-1.0065130192,84
-1.1152725963167947,0.417363053862,does not converge,,does not converge,
0.23396110117026891,-0.84191158432,1.04198223918,48,-1.23759706908,43
1.3438319015317393,-1.27636076607,1.98639511376,9,-1.55629882516,13
0.018445428379368245,2.9442841095,does not converge,,does not converge,
-0.9914089585071224,-3.5765872444,-2.45078861216,28,0.685244714011,18
1.594473386066015,0.960896259867,does not converge,,does not converge,
-2.141655123682353,-1.5840301631,-2.72331773732,9,1.71922515838,8
-2.089453017147518,0.823121231391,-1.56274829916,11,-1.89855852643,10
1.7507322509393464,0.304167116426,1.55513814837,6,5.11279465095,7
-1.3553844212384827,1.17390428005,does not converge,,does not converge,
0.5576706963172304,2.14175705136,does not converge,,does not converge,
1.021893274347661,0.399043041732,does not converge,,does not converge,
-1.1918459721675854,-2.81435043101,-2.37621203585,11,0.844333612689,24
-1.5450116992405487,0.0772354553517,-1.49328976857,6,-19.3342552549,4
2.2404118946179916,1.77175257029,does not converge,,does not converge,
0.9685855025598387,-1.49377673273,1.79895687758,20,-1.20430311669,12
2.750966423763706,1.34122104964,2.11759001841,11,1.57885001682,9
2.183066624286763,0.357578318959,2.00469526409,6,5.60631171072,6
0.04395396671587548,-2.56744919029,does not converge,,does not converge,
0.6341450482563014,-0.167563209287,0.834848265021,10,-4.982318547,8
-2.42704330395191,2.43123790374,does not converge,,does not converge,
0.6822860512596574,0.00268488699187,0.678328006818,3,252.646743637,5
-0.3537650935181751,0.958957669553,does not converge,,does not converge,
-2.2766551293037645,-0.635764279724,-2.52813045189,6,3.9765244441,7
3.1208625796973752,2.28068534372,1.95312463012,20,0.856344068757,15
-0.9712751293532227,-1.12143512031,-1.65065471465,13,1.47190525716,15
-0.031120014880650082,-2.73656774611,does not converge,,does not converge,
0.23603863201719566,-2.76521334488,1.78511643464,94,-0.645531324363,67
0.4413212382529079,0.613482705437,does not converge,,does not converge,
1.8959692023341992,-1.08321973065,2.35578403586,8,-2.17479260541,9
1.430400457937795,2.61522695868,does not converge,,does not converge,
-0.6899240887538967,-0.0661352574538,-0.775234862399,7,11.7219498452,7
0.5639336945963289,-0.160282572267,0.771642805477,11,-4.81429474937,9
2.245536733208942,-2.91083065857,3.1651738483,10,-1.0873863161,11
0.5945842430423367,-2.26325719068,1.83078332795,37,-0.808904942525,23
1.9092808307188176,-0.518497433657,2.15039572349,6,-4.14736676762,7
1.880481349794756,1.81338543709,does not converge,,does not converge,
0.3361447813941951,-2.04396575274,1.60757145845,55,-0.786484449346,43
2.1018387301083092,1.29377414656,does not converge,,does not converge,
1.205410188604307,-0.28592712577,1.4084236809,8,-4.92580748608,7
2.0669342028308897,1.56162674326,does not converge,,does not converge,
0.2833369320670003,-1.03645515886,1.16952493536,39,-1.12838875872,45
-3.506560566206279,2.11949699552,-2.7302534561,8,-1.28815730698,11
-0.33680443489047374,-1.97975938369,-1.58546214551,37,0.80082519582,59
-2.548131735739912,1.23961091734,-1.89345631363,12,-1.5274620431,10
1.176257112902333,-2.17631058255,2.17628510193,19,-0.999969048775,12
-2.134424546890977,2.22325871541,does not converge,,does not converge,
0.6081425789354697,-2.54130544369,1.92694286571,30,-0.758239863284,32
-2.0868036146489617,0.0939460876312,-2.04076887621,5,-21.7227661709,4
-2.4458554861755877,1.15547287926,-1.80610499019,9,-1.56308541522,13
-2.9166186927041045,3.18014932471,does not converge,,does not converge,
0.11695779325506095,0.92749411574,does not converge,,does not converge,
-0.15560746750584586,0.0250443600627,does not converge,,does not converge,
-0.9853531972001379,0.831490513358,does not converge,,does not converge,
0.6117135022576989,-3.24423071275,2.13283567188,30,-0.657402686641,39
0.3805383592823084,-1.20867298645,1.30602618189,33,-1.08054745442,35
-0.8105757810015701,2.91436389395,does not converge,,does not converge,
-1.8074393300139766,2.8682905815,does not converge,,does not converge,
1.4368691591539307,0.626887889723,does not converge,,does not converge,
0.4310885889577465,-5.01513432222,2.46536474492,61,-0.491559095611,58
-2.3820942606494255,0.017506664053,-2.37472217078,4,-135.646755088,4
-1.0870821741483048,0.504114100709,does not converge,,does not converge,
1.419286045009886,-1.99122323764,2.28915474703,13,-1.14960376024,12
0.4658633050568346,-0.581303040043,1.03016772621,20,-1.77215240855,20
-2.7252312834876062,-0.935877494736,-3.03372181217,6,3.24158264679,7
1.0025834577378774,-2.57252420202,2.18170324344,20,-0.848098887483,19
0.36925166725681446,2.59384322774,does not converge,,does not converge,
1.2521076922868115,-3.07696291296,2.48856354621,16,-0.808758664008,19
-0.8096958005766512,1.97492963629,does not converge,,does not converge,
2.665078904084152,3.06450690112,does not converge,,does not converge,
0.2447821297332693,0.372017027324,does not converge,,does not converge,
2.7836133982282782,4.76188493074,does not converge,,does not converge,
1.8157059426006303,1.05259552112,does not converge,,does not converge,
0.7586345557182681,-1.44805958076,1.64105348784,16,-1.13328470451,22
-2.1880902929302275,0.413048478437,-1.97941638655,3,-4.79221814922,10
-0.22231200806119755,-0.796532117662,-1.0105188287,43,1.26869153412,50
3.3648436849830974,3.35211892664,does not converge,,does not converge,
-1.1271506007910785,-1.1531693255,-1.77632800147,12,1.54040244159,13
-3.1550033704220284,2.36016776986,-1.9356748072,22,-0.82011027408,16
2.8686831425350885,2.76001301859,does not converge,,does not converge,
-3.804902475548249,3.76648474922,does not converge,,does not converge,
0.548055008768618,0.168266693035,does not converge,,does not converge,
-0.6727953106085147,-4.15750282933,-2.4029744113,39,0.577963541577,32
0.6459135230784439,0.0911129893616,0.437819988898,11,4.80500239943,17
0.516055820908861,-0.660294637541,1.11060937518,16,-1.68198750551,22
1.3635645670907253,1.68700058646,does not converge,,does not converge,
-0.9789014282347122,1.75848638052,does not converge,,does not converge,
1.426791970682507,-2.2548250576,2.37584257999,14,-1.05368387351,13
0.6537488918177479,-0.344581229982,0.998764893469,12,-2.89847710073,12
-2.4012216880951756,3.24608577977,does not converge,,does not converge,
-3.663969955137765,4.00456182462,does not converge,,does not converge,
-0.024401227881861942,-1.67236764224,does not converge,,does not converge,
-3.4422582731526346,2.71962574672,-2.21377531149,16,-0.814041759951,16
1.293637789138486,3.37214715707,does not converge,,does not converge,
-0.10819968632423338,-4.70534264073,does not converge,,does not converge,
0.20324080100777175,-1.54144881826,1.3473445868,78,-0.874084441419,62
2.2482583776772,0.389118708755,2.05930273788,8,5.29222309671,4
-0.6135665032097246,0.0043529293457,-0.606388071753,4,-139.305741047,5
-0.5478476224857398,0.195101133251,does not converge,,does not converge,
-0.3037962221587356,-5.74843753729,-2.55427322211,83,0.444322609337,97
-3.0463081156782965,2.94780874042,does not converge,,does not converge,
0.9760262165902169,0.0446737969818,0.927877516307,3,20.7701191955,7
-0.921147676644849,-1.32798147128,-1.70157670532,16,1.28132436221,16
-0.15145472068877375,-0.667617485024,-0.896286528442,60,1.34252629402,64
0.9450426736187651,-1.69494042821,1.85750193432,19,-1.09591079898,15
-0.8964168774588837,-1.57630256869,-1.78133465995,14,1.13005520791,21
1.9687508738266049,-0.477420721849,2.18704636912,6,-4.58095922491,7
1.249888284987923,-3.80287439709,2.67271973134,18,-0.70280262188,20
0.6332833088133327,-0.513552069148,1.10009005191,17,-2.14213541637,11
-2.3018571406214314,0.397922450519,-2.11358918583,7,-5.31156214024,5
2.943280089307806,0.810599174658,2.63573543697,8,3.25159127651,5
-1.203388549013301,0.156779335117,-1.05474551681,7,-6.72758401344,7
0.38260420975012854,-1.70076386533,1.50937095312,32,-0.887497064752,47
0.16773640452125305,-0.396964743974,0.719456924606,40,-1.81246462955,47
-0.4146414477967193,1.03583338396,does not converge,,does not converge,
0.31325553139857076,-1.9209662616,1.55145931571,55,-0.807655135489,47
2.4890849397587482,4.08395453762,does not converge,,does not converge,
-3.803176826010291,3.43775893214,-2.32376113052,23,-0.675890510643,16
0.2343708781222853,-1.35207402917,1.28584355748,58,-0.951048639248,57
-2.3330280071232727,2.714292978,does not converge,,does not converge,
-0.7472348171285823,-1.56347376946,-1.67864652129,17,1.07364561399,24
2.6621974754329556,1.39914836125,1.94155255783,13,1.38765965215,9
-1.534174219027292,-0.360849140499,-1.74139114652,7,4.82581904126,7
-0.7693394659566479,-2.33004405695,-1.95882448803,27,0.84070540759,20
-2.545025169024399,1.6951205152,does not converge,,does not converge,
1.627300820093387,0.451451819082,1.27252955749,7,2.81875204644,12
0.017439038432936815,0.470540893853,does not converge,,does not converge,
-1.9636334311613837,0.76841544852,-1.42404590372,9,-1.85322409217,13
-0.9964081090185086,-1.24637518938,-1.7207289347,12,1.38060133776,17
-0.0012251869833064255,0.273661235268,does not converge,,does not converge,
3.0342275222913484,2.68992333508,does not converge,,does not converge,
0.7199116963641639,-0.574609885484,1.19911641771,16,-2.08681118152,11
-1.0620118061889925,1.00266817512,does not converge,,does not converge,
-2.437278651859351,2.85301539378,does not converge,,does not converge,
-1.1584568133246127,-1.39673281067,-1.89536322639,11,1.35699496855,15
-0.20316418204053432,-0.738951062378,-0.967204772658,67,1.30888310459,31
-1.867539282331041,0.445851873237,-1.58650325151,7,-3.55838373414,8
0.25327441538282836,0.738418709663,does not converge,,does not converge,
0.5463870560906359,-2.23647024983,1.7934419906,31,-0.801919780203,33
-2.286873665398849,4.21662346375,does not converge,,does not converge,
-1.3601631200377309,2.23768051904,does not converge,,does not converge,
-1.431087804686141,1.19876901379,does not converge,,does not converge,
1.982277644078665,2.61959300761,does not converge,,does not converge,
2.6368489303311557,0.338213147836,2.50165328346,5,7.3966768543,6
-0.16001723811779378,-1.82482366246,does not converge,,0.785388416256,85
-1.4490275930731888,-1.09168346829,-1.99596648561,10,1.82833505311,10
-2.951680917611747,3.46138098409,does not converge,,does not converge,
1.3361647572201152,1.48190257109,does not converge,,does not converge,
-0.2881386143646547,-3.97781619949,-2.1437351016,98,0.538938860401,60
-0.23039590669744436,-0.339342659082,-0.709024674578,34,2.08938096539,26
0.7127980698670062,-0.94983698173,1.3941280197,13,-1.46775318798,21
3.4681190325733926,3.02595585429,does not converge,,does not converge,
-1.1015180771786541,-1.10772169807,-1.73864860045,18,1.56955615332,7
0.4810522029538835,-0.294106673052,0.833798166795,13,-2.83497762217,16
-0.11073741467760456,0.944137350311,does not converge,,does not converge,
2.757540369241942,1.66243325537,1.86723362226,19,1.12320375808,9
-2.9171044702495794,-0.78029711051,-3.16374098616,5,4.05453408182,7
-1.2001817480180081,0.335601581476,-0.756688779574,17,-2.2546218633,18
2.480287097885808,3.1944388098,does not converge,,does not converge,
-0.05678374982401602,1.57015115482,does not converge,,does not converge,
-3.2703529858867304,2.43144026046,-2.12753657683,17,-0.875042883246,13
-1.903909621286799,0.407489420749,-1.65816745801,5,-4.06921694882,9
0.09956263337336146,1.85778301732,does not converge,,does not converge,
-1.4748115596115072,-0.154163854251,-1.57282800177,5,10.2023189556,6
-0.4533101469841516,-0.256320075687,-0.781366352599,14,3.04837109758,14
-0.16936834046532123,-0.0252863931507,-0.264856199466,10,10.4738117026,14
1.4534804356188307,-0.150547357876,1.55057137212,5,-10.2995644551,6
1.6432552782949545,-0.858332117623,2.05992717991,9,-2.39991960945,7
1.2975202110079307,-0.445902102248,1.57977518977,10,-3.54287193937,6
0.9784777363991477,1.02136371101,does not converge,,does not converge,
-3.050365279496953,2.17483259811,-1.91415149531,9,-0.880120238342,26
0.8580051927801389,-0.819228518591,1.43064728739,10,-1.74631357862,17
-1.146708987985488,-0.476875258732,-1.47092103682,7,3.08447543109,10
0.0026636402744042442,-1.7318860465,does not converge,,does not converge,
-0.8283739365788656,-1.94430863659,-1.86879961065,21,0.961144999392,20
-2.4845605502897934,1.68823611678,does not converge,,does not converge,
-2.6391812562108794,0.0894451356759,-2.60484317998,4,-29.1222459941,5
2.2317451551058505,-0.0540906517364,2.25572455197,4,-41.7026671295,4
1.7368867173291411,0.361825773294,1.49483822459,8,4.13137345695,7
1.0130748719342346,-0.487765915817,1.36929634331,8,-2.80727670145,12
-2.599125089121528,1.56718745522,-1.64833677956,14,-1.05175854836,20
-1.970825290553126,0.680978414619,-1.52400229821,10,-2.23794087857,9
1.8454026999476603,1.15478509538,does not converge,,does not converge,
-0.8390430457322626,0.503216598974,does not converge,,does not converge,
0.2309975568678615,1.99073041774,does not converge,,does not converge,
1.6859966301024119,0.574374244799,1.21217806604,10,2.11039449358,13
-1.0747440463595224,0.241127061825,-0.755663832251,12,-3.13380587088,13
3.315727964406696,2.09576213326,2.4658048847,10,1.17658397396,11
-0.6486709102850612,-2.01540282773,-1.7805468134,26,0.883461003296,26
2.107610136376711,-0.108460424045,2.15787177508,3,-19.8954856007,6
0.18515636641903388,2.13821646762,does not converge,,does not converge,
-1.4842655160456513,1.39398412394,does not converge,,does not converge,
0.026203232475550564,-0.841157749914,does not converge,,does not converge,
1.6738300669996145,0.253576440401,1.5053825088,6,5.93660444751,7
0.8943961628992128,-2.71095748455,2.15333037597,27,-0.794297847711,17
-3.0489685976907794,2.03159319247,-2.06530429078,13,-1.01660310414,15
1.1292318287227063,-1.12783625157,1.76738246103,13,-1.56704316635,12
0.4612693700102537,-0.431897120103,0.92710502396,16,-2.14663014482,19
1.2935986920778664,-4.18476772978,2.79227256453,22,-0.667233738148,16
1.7874372958217957,-0.561383115172,2.05996006138,7,-3.66943886675,7
1.5298921624607367,-1.15788329604,2.08518959392,12,-1.80086073597,8
0.9656235804836539,-2.06070487464,1.99733532404,17,-0.969264209867,20
-2.195766362806658,-0.600289806195,-2.44162251044,8,4.06740929055,5
-0.5754647475925174,2.38419304014,does not converge,,does not converge,
-0.3217465086405902,-3.6344488127,-2.07409455761,88,0.570689918298,48
-0.2159942879956378,-2.75586963578,-1.77160929857,87,0.642862856009,89
-3.6216423065349885,4.07075370636,does not converge,,does not converge,
0.5873759184901828,-0.144084026361,0.773612613479,7,-5.36923662247,11
-2.190770075753389,0.439915631477,-1.96713193374,7,-4.47161941968,5
0.8386319783246985,-1.27954025283,1.62571257486,12,-1.27054373176,22
0.011086601262813023,1.42255463177,does not converge,,does not converge,
0.9793182975284767,0.0899264403581,0.876755745249,6,9.74964080686,7
-0.3791336421527949,-3.57364905478,-2.08947604308,55,0.584662775222,60
2.3793892164929087,1.63327435627,does not converge,,does not converge,
-2.7983583056344967,2.18667268959,does not converge,,does not converge,
-2.6529568952576126,0.900759085164,-2.25318301815,9,-2.50142137931,6
0.3389241900970732,-3.92395481261,2.15761507868,69,-0.549874852579,65
-0.3532265608697305,1.50757512889,does not converge,,does not converge,
-1.0628856809466423,-2.20934766175,-2.10999289752,19,0.955039536511,15
-0.34243659443940766,-1.37166692733,-1.35487024599,39,0.987719572914,40
-0.5143239942917348,-1.85320974993,-1.64254757547,41,0.886317193927,21
2.1923698814456998,0.641138819795,1.84483210655,7,2.87743352133,8
2.8404420241196005,2.87966414831,does not converge,,does not converge,
0.5944735948232274,-2.03720634787,1.75514632865,41,-0.861536008074,15
-0.8583897000008212,0.827647537743,does not converge,,does not converge,
2.709920516702704,3.20158591354,does not converge,,does not converge,
-0.45732864736001044,-2.49740584897,-1.82542018574,51,0.730915052173,29
-0.22117945968035047,-1.92285651801,-1.5016424865,94,0.780933942821,50
0.5466707236590587,-1.44755927438,1.50715154626,23,-1.04114444791,30
0.36002625097658525,0.452259281358,does not converge,,does not converge,
2.797600172525417,1.80754822119,1.78498678855,18,0.987525861243,15
0.36454407611469897,1.0217706318,does not converge,,does not converge,
-0.21009234421851186,-4.30021904707,does not converge,,does not converge,
-0.6682377168301024,-0.851488038194,-1.31551733946,20,1.5449664384,14
-2.425437953428698,0.367935861504,-2.26283942106,7,-6.15009044976,5
0.6500585401910257,1.19757897309,does not converge,,does not converge,
2.7703663340485276,2.27245834224,does not converge,,does not converge,
-1.2650746729049391,-3.64756593519,-2.64442879563,19,0.724965496009,18
1.8480759887352392,1.77484297295,does not converge,,does not converge,
-2.9350288198256305,3.42671084325,does not converge,,does not converge,
2.479065166362408,1.64514082088,does not converge,,does not converge,
-1.7166739269830034,-0.625580580058,-2.02552070624,8,3.23783113182,7
-0.27992335418188885,-1.75241113135,-1.4711063377,58,0.839507440059,51
2.4460725587933867,0.735558334671,2.09496068318,7,2.84812644072,8
-0.32120334678845763,0.74781129303,does not converge,,does not converge,
-0.5979311916422598,-2.83753098068,-2.0098042752,38,0.708305928148,28
1.179409388598553,-1.84900864845,2.07186601338,19,-1.12051208358,10
-0.449688687277936,-0.754295376235,-1.12196496949,24,1.48743491861,22
0.8957629140790275,-0.237604363486,1.10984537459,7,-4.67099342909,9
-1.0193614449985908,-2.60880592755,-2.20335280054,13,0.844573957375,25
1.2646136505931,0.396886858034,0.686617451133,35,1.72967685551,42
1.6635537710589725,-1.54428309151,2.32715179734,11,-1.50693805997,10
2.1407272951837144,0.487334768902,1.88174848828,8,3.86130765265,6
0.7324750873522223,-0.388709326467,1.0893064437,12,-2.80239177587,11
0.8487354454991083,-2.60315718991,2.09269186991,21,-0.80388220031,24
-2.428532468363342,0.886729464336,-1.9808966819,11,-2.23393361112,6
2.5113068631114617,1.10861987093,1.93977937349,10,1.74972499883,9
-3.3776835251616855,1.93657604069,-2.64571142153,12,-1.36617465505,7
-1.1391765133458227,-0.731042376408,-1.59694681385,10,2.18449047797,11
-0.7011307028719442,-1.08931210112,-1.45158257872,23,1.33257072392,13
-0.5321531575626159,-2.05099700722,-1.72270027645,30,0.839924242127,34
-1.8872865663219907,-0.858002365926,-2.26594077833,7,2.6409482536,9
-0.5229805119715665,-1.02326412627,-1.3062901324,25,1.27659179155,21
0.7040412434760972,0.380771971426,does not converge,,does not converge,
-1.8382994037568605,0.887956264874,does not converge,,does not converge,
-0.5877317990626874,-2.89430514791,-2.02034227611,39,0.698051844985,29
-0.015515435960445245,-0.27002665316,does not converge,,does not converge,
2.625654827099003,-0.243222711302,2.71523240363,5,-11.1635627243,5
2.1743208623356796,1.48282804388,does not converge,,does not converge,
-2.3377569560107445,-0.0821482984473,-2.37238388088,4,28.8792816628,5
1.4156123207491502,-1.11668919772,1.97968077563,9,-1.77282132353,12
0.8304337130675989,-2.28751313566,1.98361337845,20,-0.867143914645,24
-1.1199228128195111,0.583599597824,does not converge,,does not converge,
-0.30925693538896804,-5.87587086155,does not converge,,0.439670898597,67
-1.1837991476828473,-0.675206272369,-1.60459909684,9,2.37645434221,11
0.4691659458780295,-2.99959856363,1.98231521946,37,-0.660846353629,49
1.878024989670283,3.00751305775,does not converge,,does not converge,
-2.4709312180281815,2.12542329644,does not converge,,does not converge,
2.3084604933199957,1.91876961774,does not converge,,does not converge,
-1.990845454883075,3.24527130659,does not converge,,does not converge,
0.8394481391873732,2.05861697928,does not converge,,does not converge,
0.4889499603660785,-3.20368168561,2.05099459147,47,-0.640173221404,38
1.3840383641162384,-2.14426947087,2.31162936119,12,-1.07806672977,15
0.583538341240029,-0.139835731894,0.766077019291,7,-5.47838147263,12
0.18620946735609056,-0.989652110274,1.09224425842,65,-1.10370598154,58
-1.0736365861856947,3.58155791664,does not converge,,does not converge,
-2.359676109674182,2.420881926,does not converge,,does not converge,
0.5988114460839045,-2.71316236674,1.97354385418,37,-0.727385363189,27
-1.1695238267784873,-1.23081630423,-1.83885380329,11,1.4940252247,14
-0.03489360001950326,-1.0552588573,does not converge,,does not converge,
3.6724724541268285,3.10045759573,2.35715536766,21,0.76030082047,11
-2.39559190323645,1.5452234165,does not converge,,does not converge,
0.3237207010585048,-0.945213853199,1.14744326138,31,-1.21395441224,39
1.4516989687029747,-1.48449139461,2.14406388912,10,-1.44431741189,13
1.559888728117834,0.27627953034,1.3561715604,6,4.90868473692,8
1.3410017459345736,0.357240198176,0.974389239417,11,2.72748558125,11
0.6048775180234629,-0.546955916671,1.10144554276,17,-2.01379965452,14
3.0069664151116493,1.10255185418,2.5795519017,5,2.33962133421,9
0.23546298735422955,-2.41250230211,1.67543028279,90,-0.694490048478,62
-2.6643710824022677,2.89424874522,does not converge,,does not converge,
1.8787107676795252,2.02218514967,does not converge,,does not converge,
0.9997166947738725,0.00350893276337,0.99619446445,3,283.902378442,4
0.07693923828417049,0.00922770946386,does not converge,,does not converge,
-1.4055665399615025,-3.45145197029,-2.68906513004,16,0.779125462976,17
0.8586383928472952,-1.52386872642,1.73627793812,18,-1.1394105494,17
1.2139443929109461,-1.13599945143,1.83352575128,11,-1.61400315134,12
-0.841781650158226,-1.86318661954,-1.84927862601,17,0.992558344771,22
-0.7732687299325947,-3.24453440567,-2.2289394455,27,0.686961991277,28
0.0275268925899117,-5.6763948393,does not converge,,does not converge,
1.7984647107824605,-0.431253241671,2.01272546213,5,-4.66716089651,8
1.973337220121027,0.635396032284,1.56815505798,10,2.46799466272,8
-2.0005817949344724,-0.36540445367,-2.16904325889,5,5.93601120872,7
-0.4475245541865278,-0.972218442835,-1.23486230715,19,1.27014761557,33
-2.0249539659436384,4.04443844349,does not converge,,does not converge,
3.3874797344695438,5.42204828081,does not converge,,does not converge,
-1.3700689381773414,-0.0489034989973,-1.40487890197,4,28.727569522,5
3.7485509286096685,5.25822134277,does not converge,,does not converge,
0.7314380982681468,-1.05305400949,1.45513844455,15,-1.38182962079,19
0.24382369338349585,-3.21432582185,does not converge,,-0.597008668604,55
0.32926902497281896,-4.03972891442,2.1812522232,74,-0.539934350728,66
-0.6925062454210114,-0.369369885422,-1.0457303624,12,2.83111052459,12
2.2110128803252436,1.31955075123,does not converge,,does not converge,
0.7056258099970742,-1.84326710243,1.75556324474,19,-0.952408090448,27
-0.25634901525028386,-2.90036621538,-1.83605999175,59,0.633057188754,93
-1.1592904357963967,-1.5433520201,-1.95052761844,14,1.2638242282,14
0.4904174178469147,-2.74495135132,1.92002565018,36,-0.699461658982,42
0.5391917216885185,-4.18045895489,2.33192893869,52,-0.557831521481,36
-1.1643885036156916,-1.7598606271,-2.03092967741,12,1.15401309105,17
-3.1946701381075515,3.05991542643,does not converge,,does not converge,
-1.7792902973393896,1.16676919645,does not converge,,does not converge,
-0.5674355813077261,0.0858889929953,does not converge,,does not converge,
-1.2110102294732905,-1.66238331428,-2.0299497386,11,1.2210894271,16
-0.4343583678479135,0.745347046764,does not converge,,does not converge,
0.46353765772055544,0.859598296711,does not converge,,does not converge,
0.1601353245257009,-0.986427243206,1.07650251401,78,-1.0913132453,64
-0.5182591948727691,-2.23586523518,-1.77671347137,28,0.794652694353,40
-0.4544551552649505,-1.657322139,-1.5344774518,27,0.925871977172,39
-1.8059388352275159,-1.5238777392,-2.43243232858,11,1.59620207639,8
1.2631258569457455,1.41097389535,does not converge,,does not converge,
3.0965431372397094,-0.193616485268,3.15785583183,4,-16.3098493236,5
-3.553254687458343,3.13046673149,-1.93792811249,45,-0.619205754603,28
-1.5368441607762984,-1.5485185108,-2.23094260355,12,1.44069571196,10
-0.7590700261492258,-0.164583248447,-0.935082010117,6,5.681499172,11
-2.011984663128088,2.13072153994,does not converge,,does not converge,
-0.2931720429268032,-3.16117188612,-1.9306080932,62,0.610697014892,77
0.11227882909681419,-4.36891726662,does not converge,,does not converge,
-2.1095662251088485,0.576716302253,-1.7868111062,8,-3.09823605498,7
1.2718650456713734,-2.25759977132,2.26749042977,16,-1.00437482848,14
1.0795764320139147,-3.2859251453,2.43117253465,26,-0.739856346572,15
1.9664809518230344,-1.00092079057,2.38598812225,6,-2.38378091267,9
0.3277851750676444,-3.841377855,2.13069620572,86,-0.554684446556,52
-2.0701583087970805,0.896807472399,-1.45287930053,7,-1.62005783817,17
-0.9928885020701421,0.199774670569,-0.712517901268,11,-3.5665566854,13
0.6898970531454527,-1.98999383334,1.79716815229,26,-0.903124212224,23
1.9589766737354255,0.576712507967,1.59810808912,8,2.77106386681,9
-0.09476069820864552,1.89328668812,does not converge,,does not converge,
-0.23086028309057083,-0.501416209783,-0.832899915375,30,1.66108207652,42
-0.5747499302465231,-2.75794098944,-1.97277908283,42,0.715317238437,26
-2.8249981556019392,2.00449128306,does not converge,,does not converge,
0.9754778720116066,-1.57732817007,1.83502906986,16,-1.16337101613,16
0.6164826544056443,-2.63674722767,1.96106273278,28,-0.743752513137,34
0.4582779014532514,-1.96408794481,1.64922463489,39,-0.839695899191,33
2.052059693150894,0.972475964696,1.30927071258,17,1.34635317446,16
-2.8399196251107583,2.37955001515,does not converge,,does not converge,
1.3722467194192545,2.2685584203,does not converge,,does not converge,
-0.4742917758426959,-0.11594635395,-0.652093597086,10,5.62411917846,10
0.32315378791224125,-2.18806305463,1.64960361984,67,-0.753922973389,39
0.33185026212723034,0.598398225716,does not converge,,does not converge,
-0.402264873484222,-1.58347862864,-1.47548876085,29,0.931772922734,44
0.33331759640975944,0.0637682927296,does not converge,,does not converge,
-1.5390016304901746,-1.72830895641,-2.29280503699,14,1.3266063949,9
-1.8797999791407922,-3.15550252356,-2.94961488859,10,0.934744631804,15
-0.08357004194540929,-1.21071625198,does not converge,,does not converge,
0.3839067152072091,0.826952280154,does not converge,,does not converge,
-2.845331268581725,5.01792040503,does not converge,,does not converge,
1.7218725473581968,-0.0724938058078,1.76299233673,4,-24.3192129819,6
-0.1997027163789742,-0.957160741479,-1.08329949037,62,1.13174319236,51
2.3123519952930134,0.677878482358,1.96788432299,8,2.90300385829,7
0.7140781007973471,0.207017602629,does not converge,,does not converge,
0.6583741571216271,0.582382295717,does not converge,,does not converge,
2.793364356610412,1.97783359233,does not converge,,does not converge,
0.6812547531138455,1.3415713548,does not converge,,does not converge,
-1.939369279519929,-0.160655036763,-2.01894451822,4,12.5669457924,6
0.4899667443347995,-3.50898811007,2.13414383817,39,-0.608178090535,49
3.1247698110938726,-1.24877999,3.4832776149,8,-2.78934107489,5
1.5691172254899142,-1.2277457178,2.14222765861,9,-1.74484564726,11
-1.1164670849398495,0.0076680628498,-1.10955616216,4,-144.698365032,4
-2.050814931441257,0.61860419965,-1.68333658125,9,-2.72117421455,7
1.6699062272083989,-1.20928380275,2.2156932856,12,-1.83222840346,7
-0.16916731751387504,-3.13826089949,does not converge,,does not converge,
-0.15309481728418373,-0.323716411825,-0.650653272221,38,2.00991084239,48
0.7491664537446519,-0.53937175907,1.19902223902,19,-2.22296826534,6
3.2017137177409056,2.63128400918,does not converge,,does not converge,
0.46749009545043174,-0.501057584335,0.979184477544,22,-1.95427181782,15
0.26379409805180387,-3.45731672567,1.99593345522,97,-0.577335889344,64
-1.919513005997819,0.661369277132,-1.46943462873,11,-2.22180388975,9
-0.08576409146926789,-2.89197611807,does not converge,,does not converge,
-0.9162019252210296,1.78959245618,does not converge,,does not converge,
-1.0124383336764544,-0.349593980853,-1.28458117225,9,3.67451117513,8
-0.29438466280129383,0.828719635881,does not converge,,does not converge,
0.7968687468454498,-0.245999959174,1.03462900944,9,-4.20582553707,9
-0.5948745376400675,1.07761879522,does not converge,,does not converge,
0.727801113158641,0.724778202607,does not converge,,does not converge,
0.6615026728639664,0.0167498078238,0.63513055706,5,37.9186703959,6
-2.0606321130034657,-0.411661843462,-2.24407473172,6,5.45125938122,6
3.047947765749607,2.22014121383,1.84381922516,11,0.830448530919,29
2.767411580820897,1.779767857,1.751004637,20,0.983872367401,14
0.6519794051677437,0.335814157437,does not converge,,does not converge,
-0.16914983037938747,1.44914576443,does not converge,,does not converge,
-2.4499951412231855,2.86679566283,does not converge,,does not converge,
3.212745348944598,2.60346361304,does not converge,,does not converge,
2.149171816237606,-2.22937884709,2.91417835772,9,-1.30716812429,11
0.2786086170856801,-3.12184748596,1.91164243612,85,-0.612328971596,61
2.1361336017784818,0.0426973488839,2.11595466854,4,49.5570543242,4
-1.3310269694080379,0.391857626621,-0.891498349575,11,-2.27498379291,17
2.6283485065644943,-1.70324216184,3.16628294364,10,-1.85897374214,6
2.8688704741672337,2.21255399582,does not converge,,does not converge,
2.4486710085842534,-1.08589164497,2.8320960412,6,-2.60808643482,8
2.3012598401779436,1.20552661667,1.49479569685,17,1.23996788574,14
0.05674248551032113,-2.62274125446,does not converge,,does not converge,
0.18111047265688285,-3.27198184714,does not converge,,does not converge,
-2.67232302477671,3.01525481735,does not converge,,does not converge,
1.3937900138915382,0.248258026261,1.18413924223,7,4.76979124965,8
1.9361161248674867,0.589695936095,1.55748677893,8,2.6411827373,9
0.6183200119877905,-0.414277766443,1.02319183187,11,-2.4698540279,16
2.980118257287943,1.91117952923,2.04599264685,16,1.0705263789,10
-3.3180043472491705,6.27065524102,does not converge,,does not converge,
1.0656869707871879,-0.696485876915,1.52299548003,10,-2.18668547188,12
-1.525756073151272,-0.63281531585,-1.86505841097,6,2.94724451833,10
-2.338380822498427,0.359076319234,-2.17314654125,5,-6.05204872237,7
2.4224893375776673,3.2974982038,does not converge,,does not converge,
-1.5182378400544656,-1.62360314847,-2.2423180455,14,1.38106659681,9
2.8464310233122956,2.75890434258,does not converge,,does not converge,
0.044408867406482866,-2.93352321601,does not converge,,does not converge,
-0.7997486523688715,-2.65353647052,-2.07718988917,22,0.782819275584,27
-0.11545158411989087,-3.40512654536,does not converge,,does not converge,
-0.32071774868302816,-1.74956623195,-1.49277614235,54,0.853193942341,41
-0.42321161688918263,-2.40792766094,-1.77769960091,29,0.73829814634,56
-0.09485530304545353,-2.24812223444,does not converge,,does not converge,
0.7553987175826,0.0297098648453,0.713775402195,5,24.024855285,6
-2.6263963688537273,0.206994066858,-2.54506435731,5,-12.2953514695,5
-1.51268056772899,-0.109170613522,-1.58170103042,5,14.4883442708,5
-0.7990173949906003,-1.13521263776,-1.53742263922,22,1.35428139084,11
-1.2642272964350587,-2.50726146201,-2.33704055407,16,0.932124834247,15
2.197965750133328,0.489177388135,1.94667299655,8,3.97948804157,5
-0.5903528037248371,-2.24483797358,-1.82223789212,32,0.811737326559,28
0.8896402364272249,-0.648354649775,1.36471750371,13,-2.10488906768,11
1.2833842708997398,-2.16251883898,2.24616059784,18,-1.03866299746,11
-0.0006311225253017305,-5.20256189488,does not converge,,does not converge,
-3.774445400246428,3.90709135425,does not converge,,does not converge,
2.0668949177898406,2.4849370551,does not converge,,does not converge,
2.3266745461685123,-2.03773528935,3.00482382562,8,-1.47458853351,10
2.9191863248315033,4.30776810104,does not converge,,does not converge,
-2.4608167514396317,-0.557987715025,-2.66981467875,7,4.78471955041,5
0.5839213385729498,-1.60623096867,1.59251012616,32,-0.991455753855,20
0.9644721333450392,-1.07589127044,1.62610119395,15,-1.51139711166,13
0.45848206063318475,0.231046966426,does not converge,,does not converge,
-2.7159589102593276,0.743594397966,-2.40702862915,7,-3.23702110886,6
-0.28406933839324555,-0.288028935972,-0.697182385205,25,2.42056002155,21
0.8354369561907871,-1.46417658916,1.69781344747,18,-1.15956143692,18
-1.1171123815150992,-1.66735358678,-1.96545387744,15,1.17878840517,15
-2.198788581587016,1.92845663271,does not converge,,does not converge,
-3.002468597261244,4.75021118258,does not converge,,does not converge,
0.397717609989503,-0.790814884267,1.11011550774,20,-1.40372513399,33
-1.5322520457467066,-0.293985537362,-1.70470526267,5,5.79860976829,8
0.39016681169074596,-1.27952167085,1.34295956587,32,-1.04958266614,36
2.2019663369592237,-2.27004405365,2.96706059979,9,-1.30704136662,10
-1.0253692948567594,-1.54840518891,-1.85852010983,20,1.20026595775,11
2.4762465495805146,2.44666631443,does not converge,,does not converge,
-3.2681124495761287,2.69689412023,does not converge,,does not converge,
0.6897737012548162,-0.982460972335,1.39437633278,20,-1.41926899578,16
2.195983231668477,0.931675738037,1.62133708003,9,1.74023538227,12
-2.549421922112728,-1.72887507627,-3.10603552898,9,1.79656419574,7
0.7665412542340886,-1.66707507544,1.73009694122,26,-1.03782524432,15
-0.6460365492339135,-1.56247344345,-1.61405744641,24,1.03303487069,23
-1.2043016187877984,-0.653652673297,-1.61024310745,10,2.46344022846,9
-1.943928075119532,0.880509323149,-1.22539841474,18,-1.39168557165,17
2.0456212559006053,0.195905270632,1.94489144335,4,9.92772144456,6
-0.1063072498976565,-0.559920786129,-0.803296391746,78,1.43472121932,83
1.8697482258442029,0.500375902702,1.54610048374,6,3.08990108884,10
1.0832554187358858,-1.39281440336,1.84016868231,16,-1.32116368166,11
-2.614862651982537,1.28965296628,-1.95528240169,11,-1.51612193596,10
-0.7263265796591072,-1.15353010032,-1.49693950406,19,1.29770486582,17
-1.871328810808147,0.967772315959,does not converge,,does not converge,
-0.9350548987459506,-3.02937039837,-2.26972057738,21,0.749255589729,24
0.21805553554037793,-0.636205230559,0.914087060089,43,-1.43673241689,42
-2.2359265139213913,-1.95881760839,-2.90923171596,11,1.48519516284,7
-0.09864874672205648,-0.55229713599,-0.79414905365,96,1.43788264689,76
-0.46780333091886916,-0.83685264628,-1.17811623603,29,1.40782533551,18
0.7068842166512361,-0.117890871102,0.846208056574,9,-7.17783825107,6
-0.021669349872862842,1.30744202186,does not converge,,does not converge,
-2.1231863173897207,0.816295919913,-1.61899430402,9,-1.98333977932,11
-0.605376386294604,0.579202676291,does not converge,,does not converge,
-1.4485661104969587,-0.829295796033,-1.88785128648,8,2.27645278085,10
0.8498006561077882,-2.49632224799,2.06102981071,21,-0.825636583854,23
-2.425400144402121,-0.232756356243,-2.51784259067,4,10.8175039893,6
1.7365084600174412,1.10635832269,does not converge,,does not converge,
-0.45180065543518655,-3.30780807736,-2.05863268376,60,0.62232861842,33
1.285817120952022,-0.948866109993,1.81003377717,11,-1.90758699147,10
-1.2665450707242827,-0.5537974315,-1.61042070677,7,2.90797600993,10
3.7058992852877615,4.18059135501,does not converge,,does not converge,
0.5664586796722952,0.0497063341531,0.457917754648,8,9.212266005,9
-1.907749035669886,-2.52685323647,-2.80772081344,10,1.11114601177,13
-2.7295840754767537,1.64303968493,-1.83337950707,9,-1.115827714,18
2.565408192229973,3.43098616377,does not converge,,does not converge,
-1.331981319077141,1.21031873927,does not converge,,does not converge,
-0.9138776081716475,-0.324670661551,-1.18732207139,10,3.65700502441,8
3.2040458339631566,2.62137509181,does not converge,,does not converge,
0.5295893125497266,-5.67389376994,2.66148244196,57,-0.469089417145,47
1.6141780286663368,0.236044245995,1.45156526327,6,6.14954667082,7
1.556764096896158,-0.871752332128,1.99395530295,11,-2.28730976196,6
-0.14393275477391887,-0.0882991434997,-0.377691526504,21,4.27761732785,28
1.573811037603996,0.861144379815,does not converge,,does not converge,
1.6393414045999566,-1.02786680208,2.12340354006,5,-2.06583181722,13
1.6877534841995514,0.356518756522,1.44019883283,7,4.03962723624,7
-1.1137125569621023,-0.957529825668,-1.68273129498,12,1.75738548149,11
0.47439781639309375,-3.89419756361,2.22475589219,43,-0.571284555,53
-0.819085236998415,-0.749436230876,-1.36722110304,14,1.82435557861,13
0.3542036845421399,-2.92941705302,1.89777465197,39,-0.647821692131,73
-0.9901424826275402,-0.554868608965,-1.38948244534,13,2.50415146029,8
1.6057867160584403,-2.24298104123,2.50220213513,10,-1.11557684737,14
-1.8984661635298443,0.116141991329,-1.83518122142,3,-15.8011744691,6
0.52764345119214,-1.08795189872,1.33973455547,31,-1.23139733629,16
-1.80032936418373,-2.15667952537,-2.62266033599,14,1.21607221973,8
-3.0393883147312466,2.76986111484,does not converge,,does not converge,
1.5594653571145933,1.71014781302,does not converge,,does not converge,
0.04487560333285456,-1.12811834096,does not converge,,does not converge,
3.071383033818836,2.40882551345,does not converge,,does not converge,
0.6810403413764075,2.11926928259,does not converge,,does not converge,
0.9253060864742046,-0.676911238916,1.40656885216,15,-2.07789737015,8
0.15110083917925277,-1.48120076832,does not converge,,-0.874226762801,79
1.131785567561176,-0.407794491019,1.41914247534,9,-3.48003145347,8
0.9975365205477638,1.51013394772,does not converge,,does not converge,
1.7167597167632538,1.55544301096,does not converge,,does not converge,
-2.447324440572128,-0.762036117913,-2.72679018272,7,3.57829097653,6
0.8352155377776418,-0.741779469693,1.37478717414,13,-1.85334587544,14
0.8104580465338578,2.68514752181,does not converge,,does not converge,
0.693505600316263,0.15115823485,does not converge,,does not converge,
-0.6053720469067945,1.9954380523,does not converge,,does not converge,
3.6032649570682733,5.59191968765,does not converge,,does not converge,
-2.7193148774187383,4.80925978629,does not converge,,does not converge,
0.3891514179017146,-4.13326340525,2.23692907468,56,-0.541218152319,64
-0.3680473533643447,-0.338039687592,-0.793851091766,18,2.34844244829,21
-1.4354164596502725,-0.629066563816,-1.78737259824,6,2.84130939803,10
-2.7766851089365288,1.58925400189,-1.96994406945,10,-1.2395551317,14
-0.9945115711846242,-0.20432261513,-1.1692586069,7,5.72260041369,8
1.1949196539832418,-0.946630140702,1.73921442561,12,-1.83726879463,10
-1.3698952869973566,0.647272642934,does not converge,,does not converge,
-1.0452125970285002,-1.98701407158,-2.02596349112,16,1.01962139796,17
2.8741392922025595,1.89985515534,1.84361054168,18,0.970359761983,14
-2.3147108575443416,3.27639456608,does not converge,,does not converge,
0.5101907840209257,-5.67084455162,2.65005281692,58,-0.467296790422,50
-0.3385768812138954,-1.39144671342,-1.36095211233,50,0.978116803257,31
1.6217495574105025,-0.582513405878,1.92444016452,9,-3.30369147407,6
-1.6510366413793611,0.913729546679,does not converge,,does not converge,
-1.6000190909714176,0.923842574828,does not converge,,does not converge,
-1.494361144101584,-0.160619703737,-1.59505967261,5,9.93065861761,7
-0.21256250309855007,-1.70226956062,-1.41533351926,64,0.831405619757,77
-2.6159632463143763,0.186557982806,-2.54259040599,4,-13.6289545667,5
0.8060420299279976,-4.31379459365,2.51874528548,35,-0.58386234246,26
-1.668034089058911,2.21031385863,does not converge,,does not converge,
-0.26127748084136293,0.23966360845,does not converge,,does not converge,
-2.2202233718898534,0.0483414587958,-2.19823226252,3,-45.473023714,5
-1.6527911768149308,-0.205878186213,-1.76916139337,5,8.5932443708,7
1.9676012019503628,-1.48628241451,2.55036323679,8,-1.71593822441,10
2.3388612442656647,1.68965116546,does not converge,,does not converge,
3.4904222505827724,2.95971348104,2.03866649333,17,0.68888566828,30
-1.6615187637659234,1.36258427679,does not converge,,does not converge,
2.550323065057648,-2.21246585241,3.23436932829,8,-1.46188271795,10
-2.1215619878480347,0.755737768418,-1.66866891468,6,-2.20800646716,12
-0.17499906226102357,-2.42461100793,does not converge,,0.6793363719,89
-1.1679857854136584,2.108938215,does not converge,,does not converge,
0.2199257004777726,-3.36112882288,does not converge,,-0.57917170265,68
1.768058556043754,0.0812924035335,1.72081808841,5,21.1682510306,5
2.31706003331237,0.0291953552198,2.30439033591,4,78.9300409403,3
3.1008441745374116,2.75280947567,does not converge,,does not converge,
2.5492793174711332,3.22406275709,does not converge,,does not converge,
-1.8896239555977097,0.460868412885,-1.60193554949,5,-3.47589303171,10
-2.4659898417195683,1.60645702171,does not converge,,does not converge,
-0.16082340523463623,-1.54873398437,-1.3274660519,86,0.857165528473,91
2.184785030540528,0.776134824701,1.73828720695,14,2.23966839727,4
-0.2241484052789655,-0.0726660539699,-0.404000042903,15,5.55980846197,15
-2.5371993316309633,1.79343624692,does not converge,,does not converge,
-1.481970558594567,-1.06832672339,-2.01274605903,9,1.88401725738,11
-0.6159878984445473,-3.01556459782,-2.07161761823,29,0.686960555313,37
0.14823697060778018,-1.39421950386,does not converge,,-0.901711306458,62
-1.3972923348252326,-0.0692813204426,-1.44523126204,4,20.8603145968,5
0.6086479133785696,-1.43969833846,1.54220339844,22,-1.07117188388,25
0.3593019358116032,-2.85271866413,1.87819922994,43,-0.658402348669,65
2.932586490705258,2.78412921216,does not converge,,does not converge,
2.0961399779237824,-0.227218107255,2.19944762512,4,-9.67989444392,6
-1.4545324910781647,-0.770932830783,-1.86737842436,10,2.42223210555,8
0.4926441217444846,-1.30512698325,1.41498405712,31,-1.08420265117,24
2.2555592091289647,-0.151903805572,2.32100675048,4,-15.2794500046,6
0.11560357702748858,-3.00553724308,does not converge,,does not converge,
2.9571651105392127,2.14745584583,1.67528139296,28,0.780050496717,28
1.8884990078781554,0.901461350336,does not converge,,does not converge,
1.0122041522499812,-0.35697672708,1.28912168108,12,-3.61121675004,6
-0.1352333151483549,-3.80522538633,does not converge,,does not converge,
-0.26417474436218846,-2.07239775228,-1.57773856496,53,0.761279241011,72
-1.387720033892173,-0.990959638283,-1.90727838188,9,1.92468109613,11
1.1363611285010595,-0.472415054848,1.45994816336,6,-3.09039056264,12
-1.348569875814519,0.442700898241,-0.783742540659,23,-1.77026041503,26
-0.718776355177662,-1.75762932375,-1.73297809776,19,0.985965886067,25
2.6561687065938098,5.30123462913,does not converge,,does not converge,
-1.7782030463703662,1.37144312583,does not converge,,does not converge,
-0.4464838675887477,1.89121466891,does not converge,,does not converge,
-0.37212313321188173,-3.844878733,-2.15568483149,66,0.560690744687,55
-1.7162294602881212,0.555285379288,-1.28365877298,11,-2.3116950798,10
-0.381218071289259,-4.38896270069,-2.29422829087,77,0.52275112881,50
-2.6341036991349425,2.48207592722,does not converge,,does not converge,
0.3949174857123414,-2.50296420463,1.79182787648,56,-0.715855604725,37
2.3616183559873565,1.38789205133,1.26126295529,48,0.908822400434,41
0.6229879222254433,-1.61869611033,1.62133756838,24,-1.0016554672,25
-1.7568726972985602,1.59390282009,does not converge,,does not converge,
2.1471409703338917,1.10864690925,1.28319503616,18,1.15744209818,25
-1.1459510198722405,0.212354729426,-0.91347618046,7,-4.3016847642,11
-2.1980228572463933,0.637912126747,-1.85393434944,8,-2.90624836398,7
3.0998848694030228,0.345034214348,2.98426724362,6,8.6491935234,4
0.6421245521591792,-1.47169325202,1.57595106118,28,-1.07083646988,18
3.335137038161713,2.31140085606,2.35270805053,10,1.01788814904,14
-0.8042315589044344,-2.08107226638,-1.89969220435,25,0.912837064895,19
0.889440910628589,0.471514775025,does not converge,,does not converge,
3.4043535210493596,2.89944002911,does not converge,,does not converge,
-0.2550559609832508,0.506600693613,does not converge,,does not converge,
-0.6291382277849298,0.105964562881,does not converge,,does not converge,
-3.2980130403663868,3.19905570093,does not converge,,does not converge,
-1.0328887066367738,-0.194664536876,-1.19569566939,6,6.1423311529,8
-3.1751371239669117,2.26579157877,-2.09217393037,17,-0.923407338582,12
-2.503530714072944,0.739252895472,-2.16152714029,7,-2.92393523178,8
-0.1318454563627376,-0.502090254774,-0.77758688636,79,1.54867670416,45
-1.875493262627356,0.823718337058,-1.17370000838,14,-1.42486903584,22
0.48806109689126753,-2.55189225148,1.8600476557,35,-0.728898805439,41
2.0589599953138253,1.45540545924,does not converge,,does not converge,
0.7863697898381368,-0.261840087601,1.03849782714,13,-3.9661727116,6
-0.5666680523413112,-0.192016923235,-0.805142503033,11,4.19314018187,10
-2.4286661883555185,1.62077386873,does not converge,,does not converge,
0.49081265514326855,0.484879381439,does not converge,,does not converge,
3.8159739416596343,3.61087804941,2.07963679937,45,0.575753384997,29
-1.059727398621816,0.926012991935,does not converge,,does not converge,
0.6950528222031456,-3.25170430023,2.18394232062,39,-0.671654173442,22
0.5439241574926887,-0.47847438315,1.01523709913,18,-2.12180053281,14
-0.5629786080177621,-0.777252549115,-1.20694628701,20,1.55285961795,19
0.5212461529315227,-0.943274202652,1.26619045105,28,-1.34236410204,17
-1.9174970066773356,-0.0351540635402,-1.93565819118,4,55.0621494579,4
1.3106919457541637,-0.224760001879,1.46419648934,7,-6.51448216541,6
-1.343131758111137,-0.883932224044,-1.82696386933,12,2.06685749039,8
1.34548582596326,-1.86848296094,2.19623798877,15,-1.17540711866,11
0.7919063264719437,-2.67450480558,2.07857830086,26,-0.777204466264,23
0.27599917402111585,-3.20710875165,1.93416949043,70,-0.603060460372,79
2.1674578290753517,2.19483539906,does not converge,,does not converge,
2.216327495947276,1.06533646331,1.51154037507,13,1.41883761809,14
-2.195124720999658,-2.35418526244,-2.98404087707,14,1.26755906631,5
-3.3852622598831155,3.09413997232,does not converge,,does not converge,
-2.0968277727112485,-2.39170161709,-2.91680911353,8,1.21955842181,12
1.019325253215936,-1.43744546171,1.81242172743,13,-1.26085793437,17
0.864114645374459,0.285756426337,does not converge,,does not converge,
0.5473167948900493,0.0111962649285,0.526034191491,4,46.9828498656,6
-0.42757890561247125,-1.26154335641,-1.35715878034,34,1.07575685351,27
-0.5057108108814323,-0.875530989318,-1.22209807582,23,1.39584278058,21
1.74097764967622,0.457319573562,1.41859532785,6,3.10198516627,10
0.5531915115661357,0.0433087351195,0.458798382318,7,10.5935935647,9
-0.614448816944908,-0.306139092494,-0.940102222407,13,3.07081899059,11
1.9145422300360377,1.40409381804,does not converge,,does not converge,
0.9926639691437895,-2.41132714593,2.12655646617,18,-0.881893321317,20
0.31932875468722566,-3.04665710906,1.91243857021,86,-0.627731780624,40
2.1567833303339605,0.579680646855,1.84209587019,9,3.17777644321,6
2.4015993815983707,3.02508885795,does not converge,,does not converge,
0.3601278000766759,-2.37989237747,1.73324753377,58,-0.728260498432,41
-1.2862941146071498,0.415334378187,does not converge,,does not converge,
1.2812966166242892,-1.85972101344,2.14735735224,16,-1.15466906542,12
0.40069964184451745,0.895248679348,does not converge,,does not converge,
0.1820900618637613,-4.20232684316,does not converge,,does not converge,
-0.525843947301945,-0.535584430817,-1.04056541412,17,1.9428311062,18
-1.082782223964645,-2.90951296913,-2.33096122046,20,0.801143253502,18
-0.9157173875705924,0.110177306548,-0.773224965753,8,-7.01802283137,8
-0.3705398257651611,-0.876904936389,-1.13986830455,32,1.29987587031,28
-1.6469860728022363,-0.778287795643,-2.03032103005,9,2.6086976452,8
-1.3739865787927568,-0.573845453596,-1.70963692154,9,2.97927087142,8
0.17170648698608604,-4.07083955796,does not converge,,does not converge,
0.7684982556519175,-0.777305030695,1.34597936479,16,-1.73162306397,13
-1.9610223013897632,-0.952723091882,-2.36402393541,11,2.48134416638,4
-2.8322590653068667,-1.20379891655,-3.20756212881,8,2.66452779828,5
2.926777876153695,4.26636282535,does not converge,,does not converge,
-0.8499209541650776,1.27266015117,does not converge,,does not converge,
1.0408764823044319,-0.781927149328,1.54649458964,16,-1.97778467721,7
-0.6466761492788793,1.60310196027,does not converge,,does not converge,
-3.0336240454341197,3.6063645536,does not converge,,does not converge,
-1.1474805284050813,2.65835747789,does not converge,,does not converge,
3.5307724634795483,3.08128949183,1.9530816578,29,0.633726369054,37
0.12544039825180553,-1.36830261823,does not converge,,-0.90193004411,94
0.3095126290620569,-1.21568949235,1.26816771721,33,-1.04317194769,49
-0.26631630111369997,-2.17478047138,-1.61389232916,81,0.742063000017,46
1.4954972592644467,0.083428578569,1.43745931726,4,17.2298072196,6
-1.3704398869583398,2.89941589565,does not converge,,does not converge,
-1.172628047964691,-4.62997297794,-2.81651378171,25,0.608337550395,19
2.5672567255197283,2.45675786812,does not converge,,does not converge,
-1.5925714302560028,0.997237897186,does not converge,,does not converge,
0.643780358741485,-0.29637240549,0.954326503254,12,-3.22005564899,11
-0.6942245088605183,0.207793864525,does not converge,,does not converge,
-0.07635358340076115,-1.75935797304,does not converge,,does not converge,
2.0394872721882082,2.35753467357,does not converge,,does not converge,
3.030040313682968,2.42700252102,does not converge,,does not converge,
-3.3675392373657194,3.32698562134,does not converge,,does not converge,
0.8838703839139059,-1.71803753194,1.82516096582,23,-1.06236785743,14
3.175187176990248,2.93789148602,does not converge,,does not converge,
-2.1225249974958067,0.796653369732,-1.63540093337,9,-2.05284648382,10
2.048322914368021,-0.446555379943,2.24705147165,6,-5.03196426651,6
-0.18389760221861273,-0.509765391523,-0.811802419632,39,1.5925265375,51
1.4149073786648625,-1.04354006885,1.95005273487,9,-1.86868551827,11
1.5526770948745723,-0.65383778525,1.89730034885,8,-2.90178118444,8
1.2141927943289788,-2.31541967617,2.2453765521,18,-0.969742650792,14
-2.6928939841551616,2.09415737927,does not converge,,does not converge,
0.5675027449805277,0.19951215618,does not converge,,does not converge,
-0.8613749510330497,-1.73838160233,-1.81774209493,22,1.04562969218,15
-1.129410775041893,0.406002279595,does not converge,,does not converge,
-1.305313636687254,-1.10719476676,-1.89085675893,7,1.70779138904,15
-0.9637683133529236,-1.61353747733,-1.8404571239,16,1.1406515404,17
0.3778817333418756,-1.59051841794,1.46418894179,29,-0.920583233435,49
-0.6681993373598027,0.196367475163,does not converge,,does not converge,
0.6954248252375002,-0.479192088611,1.12236556415,14,-2.34220419886,12
-0.7025829313443714,-0.863491174074,-1.34472993892,17,1.55729402281,16
3.2564450490907997,3.34593758144,does not converge,,does not converge,
1.2673192353591447,1.86049345605,does not converge,,does not converge,
-2.449167857988216,3.48652001984,does not converge,,does not converge,
1.8837932873749237,0.0567939789885,1.85314607729,3,32.6292679453,6
1.382078502334935,-0.759287985159,1.80317103979,7,-2.37481458237,11
-0.6835295483808537,-5.16129724624,-2.63919335815,36,0.511356725982,42
-3.2644014551586342,4.09800150275,does not converge,,does not converge,
0.727930892789824,-1.04309201895,1.44818793078,18,-1.38838114122,17
-2.4771466744718915,0.999162598451,-1.96995157583,10,-1.97159987437,8
-0.04807374756888727,-0.686512959862,does not converge,,does not converge,
0.5637256623390292,-2.59636319283,1.91766918022,22,-0.738572934203,45
1.7152694150111194,0.0313070621678,1.69681905842,4,54.199240063,4
1.9852733012629162,1.75158680402,does not converge,,does not converge,
1.6949497632744004,-0.63038060302,2.00876297602,8,-3.18659421424,7
1.2760301208259892,-3.00853805002,2.48615884767,17,-0.826376146912,17
3.0435995119116073,2.26886942932,1.73872546708,40,0.766417680079,14
-0.3258438317873873,-0.660796305804,-0.991965427843,32,1.50120727407,27
-2.249500812518272,3.29844489785,does not converge,,does not converge,
-0.5787433878367669,0.202268232209,does not converge,,does not converge,
-2.0217670685948828,-1.31224544263,-2.53866786092,10,1.93460626763,7
2.185508799683259,-0.701529479542,2.46958055804,7,-3.52027392467,6
-1.959298894613283,1.42389764046,does not converge,,does not converge,
-2.089589309475125,2.97920223364,does not converge,,does not converge,
0.043197035436801645,-1.38652083343,does not converge,,does not converge,
-2.192774385278019,3.20223595062,does not converge,,does not converge,
-1.591929396443299,-1.5080839648,-2.25940580813,6,1.49818483192,15
0.6998127354579347,1.43523815249,does not converge,,does not converge,
-1.1393218263814315,0.190650619132,-0.935547601258,5,-4.90706378938,11
-1.268276409197127,-1.38529506786,-1.97109594916,13,1.42287111231,11
0.6667732742231984,-0.0090085412937,0.680020771153,4,-75.4862190114,5
1.2741346155994648,-0.801597734636,1.73590081932,11,-2.16556993765,8
2.0193635017609624,3.71348346415,does not converge,,does not converge,
-1.6875023303677477,0.56458736157,-1.22760576035,11,-2.17432666001,11
0.6261485463287144,-2.72109277239,1.9921090429,30,-0.732112931526,32
-2.317333906150485,0.935484513931,-1.79665796606,11,-1.92057430026,8
1.1078859732753146,-0.988987573644,1.69228283948,16,-1.71114916179,7
2.031760080434038,1.34123043205,does not converge,,does not converge,
-3.4364585276866397,4.92239511014,does not converge,,does not converge,
-2.0041856573733074,0.926427976605,-1.28100116954,15,-1.38272098318,18
0.13655287291788953,-0.91999277362,1.02984386462,75,-1.11944891671,86
-3.011001198749256,3.38816727608,does not converge,,does not converge,
0.32675860476990737,-3.61170414119,2.070816838,63,-0.573348797409,71
-0.7452083274052619,0.137307499985,-0.411871950401,30,-2.99838943856,36
0.014930203155631983,-1.94654640863,does not converge,,does not converge,
-2.526840483172549,-0.908274412681,-2.84598127475,4,3.13339834621,9
-2.222965014961654,1.7617317175,does not converge,,does not converge,
-1.7258644028534555,1.02468469099,does not converge,,does not converge,
0.16411523541176098,-2.30408688897,1.60217344433,87,does not converge,
2.5051662966895147,0.267106627182,2.39357334464,6,8.96111450238,5
0.4344221508414017,-0.917519910512,1.19938712291,23,-1.3072038991,29
-0.697155810194507,-0.193445183922,-0.909786745762,7,4.70306465424,11
0.46828956978299763,-2.63138296051,1.87309097739,50,-0.711851119053,31
-2.3536117168989295,1.30858482308,-1.4530683592,18,-1.11044397113,19
-1.8417820886532565,-1.52561491695,-2.46155298566,12,1.61349090244,7
-2.188557926440063,-0.311248185806,-2.32256776976,6,7.46211114822,5
0.7317295390265328,1.66741006382,does not converge,,does not converge,
0.39460542613112315,-0.909638629141,1.17126393795,32,-1.28757926654,25
-0.29973265134883187,0.233388619782,does not converge,,does not converge,
0.5241988182155382,-1.43116973714,1.4868080846,24,-1.03887753677,30
-0.5080956364871048,-1.58856072527,-1.53976265817,28,0.969306279704,31
0.20141558737648202,-4.70053346403,does not converge,,does not converge,
0.8065071465784492,-1.7398734842,1.7825494435,26,-1.02452047898,14
-0.4616658059626304,-2.04344273938,-1.67882376661,36,0.821590098527,37
0.8741014918360568,0.0197937516788,0.850837753187,4,42.9851635195,6
1.155758970400031,0.363909061075,does not converge,,does not converge,
2.225939773917188,2.18861420363,does not converge,,does not converge,
0.6399556173612808,2.78531140392,does not converge,,does not converge,
-0.25436412433242594,-0.098516310322,-0.465854469831,13,4.72858298087,18
2.1883318049473277,1.02945291131,1.50375360439,13,1.46073170963,14
-0.9360367594267802,1.06085776792,does not converge,,does not converge,
-0.3995558692895256,-0.862400196,-1.14969374587,29,1.33309749912,26
-0.9465067746847637,-4.2065998226,-2.57815739182,27,0.612896781389,25
-0.8936092561035371,-1.65752519773,-1.80956803482,15,1.09175208109,20
2.9611462241227993,1.68628471685,2.19179299864,9,1.29978957429,12
-0.3179163794099229,-0.223061250176,-0.657296635118,16,2.94667083969,20
2.379410396918808,1.94199736831,does not converge,,does not converge,
-0.11667747782615567,-0.0434092195529,-0.274711897602,20,6.32818257205,24
-2.482801662843769,0.672049915825,-2.17362411839,7,-3.23431481748,6
-2.489823812992502,0.024620954198,-2.4798955984,3,-100.722968371,5
-0.733461686114647,1.84717370045,does not converge,,does not converge,
-0.9573725086337506,-0.897358590356,-1.54004420851,11,1.71620062912,15
-0.23695236231168426,-1.14932889862,-1.19708951106,53,1.04152007209,52
0.3730992363300909,1.7415963213,does not converge,,does not converge,
-0.6901916556515677,-1.08139934076,-1.44074783926,21,1.3322984949,15
3.466389632811687,4.36637167663,does not converge,,does not converge,
-0.4569680728466161,-1.93419454563,-1.63789750174,30,0.846782296604,41
1.1137949386555879,-0.900877520221,1.65736866432,11,-1.83972534196,11
-1.9874767627898562,0.725208819987,-1.50591687523,9,-2.07651159823,11
-2.737036320613485,2.58628301001,does not converge,,does not converge,
